{
  "target": "Global_active_power",
  "units": "kWh",
  "features": [
    "hour",
    "dayofweek",
    "day",
    "month",
    "quarter",
    "is_weekend",
    "hour_sin",
    "hour_cos",
    "dayofweek_sin",
    "dayofweek_cos",
    "month_sin",
    "month_cos",
    "lag_1",
    "lag_24",
    "lag_48",
    "lag_168",
    "lag_336",
    "roll_mean_24",
    "roll_std_24",
    "roll_mean_168",
    "roll_std_168",
    "is_holiday"
  ],
  "feature_bounds": {
    "hour": {
      "min": 0.0,
      "max": 23.0,
      "mean": 11.502259350674008
    },
    "dayofweek": {
      "min": 0.0,
      "max": 6.0,
      "mean": 2.997797607746345
    },
    "day": {
      "min": 1.0,
      "max": 31.0,
      "mean": 15.750370229732296
    },
    "month": {
      "min": 1.0,
      "max": 12.0,
      "mean": 6.528346307195747
    },
    "quarter": {
      "min": 1.0,
      "max": 4.0,
      "mean": 2.5099677235618
    },
    "is_weekend": {
      "min": 0.0,
      "max": 1.0,
      "mean": 0.28551357509018416
    },
    "hour_sin": {
      "min": -1.0,
      "max": 1.0,
      "mean": -0.0001998785981641195
    },
    "hour_cos": {
      "min": -1.0,
      "max": 1.0,
      "mean": 0.00011539996245523541
    },
    "dayofweek_sin": {
      "min": -0.9749279121818236,
      "max": 0.9749279121818236,
      "mean": 0.0010247573284948588
    },
    "dayofweek_cos": {
      "min": -0.9009688679024191,
      "max": 1.0,
      "mean": 0.0009647278795107309
    },
    "month_sin": {
      "min": -1.0,
      "max": 1.0,
      "mean": -0.004580622995978407
    },
    "month_cos": {
      "min": -1.0,
      "max": 1.0,
      "mean": -0.0007349090211688919
    },
    "lag_1": {
      "min": 0.12400000542402267,
      "max": 6.56053352355957,
      "mean": 1.08903169631958
    },
    "lag_24": {
      "min": 0.12400000542402267,
      "max": 6.56053352355957,
      "mean": 1.0893349647521973
    },
    "lag_48": {
      "min": 0.12400000542402267,
      "max": 6.56053352355957,
      "mean": 1.0899115800857544
    },
    "lag_168": {
      "min": 0.12400000542402267,
      "max": 6.56053352355957,
      "mean": 1.0916893482208252
    },
    "lag_336": {
      "min": 0.12400000542402267,
      "max": 6.56053352355957,
      "mean": 1.0944116115570068
    },
    "roll_mean_24": {
      "min": 0.1729472323010365,
      "max": 3.0194293359915414,
      "mean": 1.089058286427997
    },
    "roll_std_24": {
      "min": 0.01649777651135569,
      "max": 1.8301955769586995,
      "mean": 0.7742584368087609
    },
    "roll_mean_168": {
      "min": 0.17888473315785328,
      "max": 2.0598671759168306,
      "mean": 1.0897754273378295
    },
    "roll_std_168": {
      "min": 0.027302908595228565,
      "max": 1.3009311715700256,
      "mean": 0.8326477468621025
    },
    "is_holiday": {
      "min": 0.0,
      "max": 1.0,
      "mean": 0.028251376495158534
    }
  },
  "tuned_hyperparameters": {
    "n_estimators": 221,
    "max_depth": 6,
    "learning_rate": 0.03567663137948074,
    "subsample": 0.8099098641033556,
    "colsample_bytree": 0.6727299868828402,
    "min_child_weight": 10,
    "reg_alpha": 0.007066305219717406,
    "reg_lambda": 1.092249700165663
  },
  "metrics": {
    "h1": {
      "mae": 0.33380359481247607,
      "rmse": 0.4823074682982805,
      "mape": 41.92376702678508,
      "smape": 33.307491967882825,
      "mase": 0.5095175537461543
    },
    "h24": {
      "mae": 0.4444403288475219,
      "rmse": 0.6068830140302856,
      "mape": 61.23906809344537,
      "smape": 44.271932305119236,
      "mase": 0.6783933805977754
    }
  },
  "mase_denominator": 0.6551,
  "seed": 42,
  "trained_at_utc": "2026-07-04T04:24:25.531280+00:00"
}